{"products":[{"id":"1","name":"sapatos-femininos","title":"Sapatos Femininos","description":"Texto de exemplo. Lorem ipsum dolor sit amet, consectetur adipiscing elit. Nullam nunc justo, sagittis suscipit ultrices.","fullDescription":"Sample text. Lorem ipsum dolor sit amet, consectetur adipiscing elit nullam nunc justo sagittis suscipit ultrices.","price":"17","oldPrice":"20","quantity":1,"currency":"USD","sku":"","outOfStock":false,"isFeatured":false,"categories":["2"],"images":[{"url":"images/d754debf.svg"},{"url":"images/414330ad.svg"}],"created":1713203203457,"updated":1713203203457,"isDefault":true,"fullPrice":"$17.00","fullPriceOld":"$20.00"},{"id":"2","name":"camiseta-masculina","title":"Camiseta Masculina","description":"Texto de exemplo. Lorem ipsum dolor sit amet, consectetur adipiscing elit. Nullam nunc justo, sagittis suscipit ultrices.","fullDescription":"Sample text. Lorem ipsum dolor sit amet, consectetur adipiscing elit nullam nunc justo sagittis suscipit ultrices.","price":"245","oldPrice":"300","quantity":1,"currency":"USD","sku":"","outOfStock":false,"isFeatured":false,"categories":["1"],"images":[{"url":"images/53c4c417.svg"}],"created":1713203203458,"updated":1713203203458,"isDefault":true,"fullPrice":"$245.00","fullPriceOld":"$300.00"},{"id":"3","name":"chap-u-de-ver-o","title":"Chapéu de Verão","description":"Texto de exemplo. Lorem ipsum dolor sit amet, consectetur adipiscing elit. Nullam nunc justo, sagittis suscipit ultrices.","fullDescription":"Sample text. Lorem ipsum dolor sit amet, consectetur adipiscing elit nullam nunc justo sagittis suscipit ultrices.","price":"19","oldPrice":"25","quantity":1,"currency":"USD","sku":"","outOfStock":false,"isFeatured":false,"categories":["3"],"images":[{"url":"images/6537f30a.svg"}],"created":1713203203458,"updated":1713203203458,"isDefault":true,"fullPrice":"$19.00","fullPriceOld":"$25.00"},{"id":"4","name":"luvas-de-couro","title":"Luvas de Couro","description":"Texto de exemplo. Lorem ipsum dolor sit amet, consectetur adipiscing elit. Nullam nunc justo, sagittis suscipit ultrices.","fullDescription":"Sample text. Lorem ipsum dolor sit amet, consectetur adipiscing elit nullam nunc justo sagittis suscipit ultrices.","price":"20","oldPrice":"25","quantity":1,"currency":"USD","sku":"","outOfStock":false,"isFeatured":false,"categories":["3"],"images":[{"url":"images/776587db.svg"}],"created":1713203203459,"updated":1713203203459,"isDefault":true,"fullPrice":"$20.00","fullPriceOld":"$25.00"},{"id":"5","name":"chinelos","title":"Chinelos","description":"Texto de exemplo. Lorem ipsum dolor sit amet, consectetur adipiscing elit. Nullam nunc justo, sagittis suscipit ultrices.","fullDescription":"Sample text. Lorem ipsum dolor sit amet, consectetur adipiscing elit nullam nunc justo sagittis suscipit ultrices.","price":"7","oldPrice":"10","quantity":1,"currency":"USD","sku":"","outOfStock":false,"isFeatured":false,"categories":["2"],"images":[{"url":"images/6f461f60.svg"}],"created":1713203203459,"updated":1713203203459,"isDefault":true,"fullPrice":"$7.00","fullPriceOld":"$10.00"},{"id":"6","name":"saia-de-menina","title":"Saia de Menina","description":"Texto de exemplo. Lorem ipsum dolor sit amet, consectetur adipiscing elit. Nullam nunc justo, sagittis suscipit ultrices.","fullDescription":"Sample text. Lorem ipsum dolor sit amet, consectetur adipiscing elit nullam nunc justo sagittis suscipit ultrices.","price":"150","oldPrice":"175","quantity":1,"currency":"USD","sku":"","outOfStock":false,"isFeatured":false,"categories":["1"],"images":[{"url":"images/caac4e54.svg"}],"created":1713203203459,"updated":1713203203459,"isDefault":true,"fullPrice":"$150.00","fullPriceOld":"$175.00"}],"categories":[{"id":"1","title":"Clothes","categoryId":null,"created":1713203203455,"updated":1713203203455},{"id":"2","title":"Shoes","categoryId":null,"created":1713203203455,"updated":1713203203455},{"id":"3","title":"Accessories","categoryId":null,"created":1713203203455,"updated":1713203203455}]}